distance_band,time_bucket,expected_duration_min,baseline_trips
a_0-1mi,am_peak_06-10,7.33,83734
a_0-1mi,evening_20-24,6.48,102265
a_0-1mi,midday_10-16,7.97,252156
a_0-1mi,overnight_00-06,5.68,40164
a_0-1mi,pm_peak_16-20,7.7,188481
b_1-2mi,am_peak_06-10,12.68,127214
b_1-2mi,evening_20-24,10.95,179722
b_1-2mi,midday_10-16,13.87,351536
b_1-2mi,overnight_00-06,9.77,66847
b_1-2mi,pm_peak_16-20,13.33,278011
c_2-5mi,am_peak_06-10,20.75,100308
c_2-5mi,evening_20-24,18.75,187342
c_2-5mi,midday_10-16,22.97,257145
c_2-5mi,overnight_00-06,16.9,82122
c_2-5mi,pm_peak_16-20,22.43,218339
d_5-10mi,am_peak_06-10,30.05,28758
d_5-10mi,evening_20-24,26.7,63267
d_5-10mi,midday_10-16,31.2,75861
d_5-10mi,overnight_00-06,26.0,35317
d_5-10mi,pm_peak_16-20,32.27,57910
e_10-20mi,am_peak_06-10,51.57,28495
e_10-20mi,evening_20-24,36.44,41885
e_10-20mi,midday_10-16,51.03,73032
e_10-20mi,overnight_00-06,33.9,17668
e_10-20mi,pm_peak_16-20,51.75,51930
f_20mi_plus,am_peak_06-10,64.32,4019
f_20mi_plus,evening_20-24,43.93,7002
f_20mi_plus,midday_10-16,63.39,9584
f_20mi_plus,overnight_00-06,43.55,2528
f_20mi_plus,pm_peak_16-20,61.17,8066
