month,segment,trips,duration_p50_min,duration_p90_min,slow_trip_share,trip_time_reliability,share_of_trips
2023-01,airport_zone,156678,35.38,56.88,0.006950561023245127,0.8004442231838548,0.05186797267395591
2023-01,city_zone,2824963,11.12,24.52,0.09236651949069775,0.799908175788497,0.9351989665998832
2023-01,zone_unknown,39067,15.17,36.22,0.07732869173471216,0.8212045972303991,0.012933060726160886
2023-02,airport_zone,129287,37.7,59.12,0.007170094441049758,0.7525118534732804,0.04501042515629031
2023-02,city_zone,2708537,11.43,25.33,0.10217434725831695,0.775261700320136,0.9429594771442069
2023-02,zone_unknown,34555,13.88,36.58,0.0907538706410071,0.7776877441759514,0.012030097699502747
2023-03,airport_zone,166299,40.32,64.3,0.0076789397410687976,0.6579113524434903,0.0495726531395805
2023-03,city_zone,3157735,11.75,26.8,0.12534047347228314,0.7456132322693323,0.9413003196754834
2023-03,zone_unknown,30618,12.5,38.5,0.11405055849500294,0.7249983669736756,0.009127027184936022
2023-04,airport_zone,169730,41.8,66.82,0.007800624521298533,0.6110940906145054,0.052261021216010166
2023-04,city_zone,3045967,11.92,27.38,0.12759724580075885,0.7405753246834257,0.9378739528089721
2023-04,zone_unknown,32039,12.35,34.4,0.12144573800680421,0.7318268360435719,0.009865025975017674
2023-05,airport_zone,174076,42.78,71.48,0.008157356556906178,0.5648107723063489,0.050216181474741904
2023-05,city_zone,3258547,12.55,29.48,0.15528025221057115,0.6928793723091918,0.940001996231392
2023-05,zone_unknown,33909,13.1,38.03,0.14302987407472942,0.6857471467751924,0.009781822293866031
2023-06,airport_zone,176635,42.77,68.12,0.008339230616808673,0.5675149319217596,0.05419250604175801
2023-06,city_zone,3051756,12.32,28.68,0.14775689799577685,0.7071112500475136,0.9362940836638902
2023-06,zone_unknown,31008,13.07,39.34,0.13390092879256965,0.6926277089783281,0.009513410294351812
2023-07,airport_zone,172979,39.57,61.8,0.008821880112614826,0.6648899577405349,0.06054671571196006
2023-07,city_zone,2656939,11.88,27.37,0.13517698373955894,0.7382725007988516,0.9299910989022913
2023-07,zone_unknown,27033,12.6,35.96,0.12225798098620205,0.7306255317574816,0.009462185385748653
2023-08,airport_zone,169437,40.05,62.02,0.008227246705265083,0.6608591984041267,0.06124684208452604
2023-08,city_zone,2573493,11.88,27.38,0.12173493380397771,0.7499013986049311,0.9302473448929879
2023-08,zone_unknown,23531,12.67,35.48,0.1142747864519145,0.7371552420211636,0.00850581302248613
2023-09,airport_zone,156185,42.27,72.35,0.010064987034606397,0.5778019656176969,0.05683813513709241
2023-09,city_zone,2567951,13.03,31.65,0.20681819863385242,0.6362562992829692,0.9345170532601184
2023-09,zone_unknown,23755,13.4,39.64,0.18993896021890128,0.6344348558198274,0.008644811602789194
2023-10,airport_zone,176810,42.53,69.05,0.010282223856116735,0.5867428312878231,0.05199781786206359
2023-10,city_zone,3197826,13.02,30.6,0.19455405015782598,0.6427232125825483,0.9404443973902571
2023-10,zone_unknown,25699,13.55,37.82,0.17074594342192304,0.6449667302229659,0.007557784747679272
2023-11,airport_zone,155060,41.78,72.39,0.009667225590094157,0.5890494002321682,0.04791405751973527
2023-11,city_zone,3058568,12.88,30.35,0.20925740411852867,0.6401214555308236,0.9451077201084849
2023-11,zone_unknown,22583,13.57,36.88,0.19116149315857062,0.634990922375238,0.006978222371779838
2023-12,airport_zone,147996,41.8,75.25,0.008000216222060055,0.5848806724506068,0.04480636315993912
2023-12,city_zone,3141491,12.9,30.95,0.21709022881173304,0.6338754432210693,0.9510985878650795
2023-12,zone_unknown,13526,13.04,38.01,0.18800828034895756,0.650672778352802,0.004095048974981328
