month,hour,trips,duration_p50_min,duration_p90_min,slow_share,trip_time_reliability
2023-01,0,83562,11.32,26.03,0.024700222589215195,0.7596515162394389
2023-01,1,58693,10.67,23.97,0.023512173513025404,0.7838413439422077
2023-01,2,41195,10.3,22.38,0.01954120645709431,0.8158999878626046
2023-01,3,26730,10.23,23.0,0.01803217358772914,0.8488589599700711
2023-01,4,17136,11.17,26.08,0.019024276377217552,0.8683473389355743
2023-01,5,17330,10.48,31.72,0.014425851125216388,0.8739757645701096
2023-01,6,42919,9.42,32.9,0.012768237843379389,0.9421235350311051
2023-01,7,85384,10.35,28.02,0.03900028108310691,0.8536376838751991
2023-01,8,115045,11.42,26.82,0.09524099265504803,0.7610934851579817
2023-01,9,129180,11.57,27.12,0.12303762192289829,0.7512772875058058
2023-01,10,141620,11.5,27.03,0.11734218330744245,0.8222638045473804
2023-01,11,151987,11.65,26.78,0.13056379821958458,0.8096547731055945
2023-01,12,167340,11.7,27.15,0.12499701207123222,0.8180948966176647
2023-01,13,176044,11.9,28.87,0.12286701052009724,0.8097350662334416
2023-01,14,188878,12.57,33.1,0.12248647274960557,0.7837916538718115
2023-01,15,193445,12.5,33.38,0.12695081289255344,0.7697329990436558
2023-01,16,192926,12.35,34.63,0.11257684293459669,0.762924644682417
2023-01,17,206492,12.33,31.58,0.11671638610696783,0.7612062452782674
2023-01,18,212977,11.62,26.67,0.10450424224212004,0.8080966489339224
2023-01,19,190342,11.2,25.87,0.07273223986298347,0.8706748904603293
2023-01,20,163613,10.88,25.38,0.04454413769077029,0.7746694944778226
2023-01,21,159515,11.07,25.13,0.034604896091276684,0.8041187349152117
2023-01,22,145546,11.43,26.28,0.03207233451967076,0.8045635056957938
2023-01,23,112809,11.6,26.88,0.025769220540914288,0.8265829854001011
2023-02,0,76669,11.43,26.0,0.02896868356180464,0.7257953018821166
2023-02,1,50861,10.5,22.98,0.02622834785002261,0.7721043628713553
2023-02,2,35015,10.05,22.15,0.023018706268741966,0.8048836213051549
2023-02,3,22748,9.95,22.93,0.020617197116229998,0.8405574116405838
2023-02,4,15047,11.42,27.12,0.01980461221505948,0.860105004319798
2023-02,5,15916,11.18,32.98,0.015079165619502387,0.8566222669012314
2023-02,6,40670,9.58,34.68,0.017752643225965085,0.9322104745512663
2023-02,7,80148,10.48,28.9,0.044118380995158954,0.8501023107251584
2023-02,8,110146,11.55,27.33,0.09964047718482741,0.7537177927478075
2023-02,9,124331,11.85,27.93,0.13431083157056567,0.7302603534114581
2023-02,10,133949,11.77,27.67,0.12907151229199174,0.803253477069631
2023-02,11,143858,12.1,27.68,0.14418384796118394,0.7864074295485827
2023-02,12,155742,12.18,28.42,0.14179219478368071,0.7882009990882357
2023-02,13,162985,12.37,30.4,0.13058870448200754,0.786023253673651
2023-02,14,176082,12.85,33.4,0.1345111936484138,0.758209243420679
2023-02,15,180237,12.77,34.05,0.13782963542446888,0.7426333105855069
2023-02,16,182472,12.53,34.03,0.1260576965233022,0.7406780218334867
2023-02,17,197422,12.47,31.18,0.12853177457426224,0.7406672002107161
2023-02,18,206716,11.9,27.2,0.11020433831923993,0.7866106155304863
2023-02,19,184012,11.53,26.91,0.08837467121709454,0.8390104993152621
2023-02,20,159274,11.32,26.0,0.054735863982822056,0.730345191305549
2023-02,21,158952,11.42,25.58,0.044699028637576126,0.7646836780914993
2023-02,22,147152,11.75,26.52,0.04292160487115364,0.7648146134609112
2023-02,23,111975,11.9,27.1,0.03591873185979013,0.7822817593212771
2023-03,0,91192,11.58,26.62,0.028401614176682164,0.7248881480831652
2023-03,1,59879,10.93,25.75,0.03954641861086525,0.7604502413199953
2023-03,2,34636,10.2,22.97,0.021942487585171498,0.8081187204065134
2023-03,3,26235,10.32,23.55,0.018601105393558224,0.8410901467505241
2023-03,4,17401,11.78,27.03,0.016895580713752082,0.8647778863283719
2023-03,5,18751,11.15,33.57,0.015945816223134766,0.8479547757452935
2023-03,6,46782,10.0,38.22,0.02148262152109786,0.9189645590184259
2023-03,7,94237,10.43,30.52,0.0467120133280983,0.8428430446639855
2023-03,8,131100,11.6,28.88,0.10377574370709382,0.7446605644546148
2023-03,9,145798,12.23,29.78,0.1542339401089178,0.6986309825923538
2023-03,10,154023,12.5,30.08,0.16977983807613148,0.7514267349681542
2023-03,11,168703,12.92,31.02,0.19751871632395393,0.7215757870340184
2023-03,12,181559,13.08,31.77,0.19862413870973072,0.7182238280669094
2023-03,13,184644,13.13,33.13,0.18262710946469965,0.7215127488572605
2023-03,14,201462,13.57,37.05,0.17487168796100505,0.6983996982061134
2023-03,15,204768,13.62,39.65,0.17836771370526644,0.675173855289889
2023-03,16,205708,13.42,40.04,0.16554047484784257,0.667713457911214
2023-03,17,228824,12.93,34.28,0.16277138761668355,0.6960895710240185
2023-03,18,242644,12.13,29.08,0.13090783205024645,0.7633652593923608
2023-03,19,218064,11.37,27.03,0.08455315870570108,0.8446052535035586
2023-03,20,193353,11.27,26.5,0.050555202143230255,0.72922582013209
2023-03,21,189985,11.43,26.17,0.04166644735110667,0.7629865515698607
2023-03,22,174786,11.85,27.92,0.0412332795532823,0.7500314670511368
2023-03,23,140118,12.03,28.38,0.03464936696213192,0.7734623674331634
2023-04,0,94242,11.62,27.32,0.025678572186498588,0.7097896903715966
2023-04,1,63340,10.78,24.78,0.02366592990211557,0.7683454373223871
2023-04,2,41585,10.2,22.58,0.02149813634724059,0.804713237946375
2023-04,3,25971,10.05,23.15,0.017866081398482923,0.8525663239767433
2023-04,4,16606,11.87,27.77,0.01890882813440925,0.8664338191015296
2023-04,5,17397,11.53,32.97,0.015117549002701616,0.8612404437546703
2023-04,6,42520,10.1,36.13,0.018156161806208843,0.9437441204139229
2023-04,7,83981,10.53,30.85,0.04128314737857373,0.860349364737262
2023-04,8,117303,11.77,29.13,0.09610154897999199,0.7590683955227061
2023-04,9,137228,12.07,29.44,0.1342291660594048,0.727490016614685
2023-04,10,151849,12.37,30.15,0.14592127705813013,0.7764292158657614
2023-04,11,168269,12.92,31.55,0.1817625349886194,0.733557577450392
2023-04,12,181326,13.28,33.03,0.19841611241631096,0.7119276882520984
2023-04,13,185205,13.5,35.5,0.18820766178018952,0.7046138063227235
2023-04,14,196106,13.98,39.58,0.18564449838352728,0.6787451684293189
2023-04,15,198973,14.13,41.02,0.1871108140300443,0.6576319400119615
2023-04,16,202154,14.0,41.28,0.18152992273217447,0.6445630558880853
2023-04,17,221111,13.5,36.37,0.1787654164650334,0.6714229504637942
2023-04,18,228760,12.43,30.48,0.1430888267179577,0.7487716383983214
2023-04,19,201297,11.48,28.03,0.09174006567410344,0.8373746255532869
2023-04,20,186138,11.38,27.23,0.05528156529026851,0.7199926935929257
2023-04,21,181120,11.53,26.87,0.042585026501766786,0.7505134717314488
2023-04,22,170346,11.98,28.7,0.04034729315628192,0.7411386237422657
2023-04,23,134909,12.35,30.05,0.033889510707217456,0.7520180269663255
2023-05,0,92703,11.98,27.92,0.028445681369534966,0.7020484773955535
2023-05,1,60290,10.98,25.02,0.022010283629125892,0.7629125891524299
2023-05,2,38951,10.37,22.87,0.019511694179867013,0.8104541603553183
2023-05,3,25431,10.3,23.65,0.01836341473005387,0.8400377492037278
2023-05,4,17355,12.02,27.53,0.01895707288965716,0.8771535580524344
2023-05,5,19635,11.37,32.88,0.013292589763177999,0.8640183346065698
2023-05,6,48442,10.0,36.2,0.018393129928574378,0.9297097559968622
2023-05,7,97996,10.77,31.18,0.04779786930078779,0.8274929588962815
2023-05,8,133665,12.32,31.52,0.10995398945124005,0.7121086297834137
2023-05,9,148174,12.82,31.62,0.1581991442493285,0.6764209645416874
2023-05,10,160453,13.28,33.23,0.1845337887107128,0.7155615663153696
2023-05,11,174087,14.13,35.25,0.23682411667729353,0.6597678172408049
2023-05,12,187387,14.35,36.93,0.2549856713646091,0.6386248779264303
2023-05,13,192081,14.55,39.7,0.23492693186728517,0.6369708612512429
2023-05,14,208915,14.93,44.27,0.2356508627910873,0.6030012205921068
2023-05,15,213464,15.0,46.08,0.24379754900123674,0.5783691863733463
2023-05,16,213295,14.78,46.13,0.2248200848589981,0.5756159309875993
2023-05,17,233319,14.25,38.7,0.21294879542600473,0.6143948842571758
2023-05,18,247833,13.0,32.07,0.16362631288004423,0.7049666509302636
2023-05,19,221866,12.12,28.83,0.11309078452759774,0.7970757123669242
2023-05,20,196689,11.98,28.45,0.05955594873124578,0.681568364270498
2023-05,21,201173,12.02,27.63,0.04619407176907438,0.7203849423133323
2023-05,22,186977,12.38,29.07,0.042769966359498764,0.7240409248196302
2023-05,23,146351,12.7,30.18,0.0373280674542709,0.7409993782071869
2023-06,0,99289,12.15,28.52,0.03165506753013929,0.6918792615496178
2023-06,1,65022,11.18,26.03,0.023530497370120883,0.7580049829288549
2023-06,2,43646,10.65,23.88,0.020139302570682308,0.7986986207212574
2023-06,3,27527,10.5,24.07,0.017510081011370655,0.8392124096341773
2023-06,4,18525,12.25,28.1,0.01641025641025641,0.8688798920377868
2023-06,5,19468,11.45,32.45,0.012738853503184714,0.8710191082802548
2023-06,6,44625,10.0,35.2,0.017165266106442575,0.9398095238095238
2023-06,7,86020,10.52,30.62,0.04253661939083934,0.8598000465008138
2023-06,8,123512,12.13,30.87,0.11433706846298336,0.7352807824340954
2023-06,9,138767,12.72,31.3,0.16516174594824418,0.6833541115683124
2023-06,10,150541,13.17,32.77,0.18891863346198046,0.7170604685766668
2023-06,11,161779,13.87,34.42,0.22578950296391992,0.6729118117926307
2023-06,12,175623,13.95,35.88,0.23548737921570637,0.6581142561054076
2023-06,13,183832,14.18,38.21,0.22917663954044998,0.6505668218808477
2023-06,14,195524,14.33,42.65,0.22018780303185287,0.6321218878500849
2023-06,15,196481,14.37,44.32,0.2132012764593014,0.623144222596587
2023-06,16,195437,14.33,45.42,0.19927649319217958,0.6141416415520091
2023-06,17,212746,13.77,37.47,0.19758773372942381,0.6452013198838051
2023-06,18,230308,12.57,31.08,0.16053285165951683,0.7239609566319885
2023-06,19,202970,11.95,28.87,0.10985367295659457,0.808006109277233
2023-06,20,178036,11.93,28.8,0.06146509694668494,0.6823507605203442
2023-06,21,186671,12.25,28.27,0.05062918182256483,0.7020158460607164
2023-06,22,178003,12.67,29.95,0.04693741116722752,0.7043870047134037
2023-06,23,145047,12.83,31.12,0.04201396788627135,0.724999482926224
2023-07,0,87626,12.12,28.68,0.03144044005203935,0.7025654486111428
2023-07,1,61194,11.2,26.0,0.02163610811517469,0.7682289113311762
2023-07,2,41721,10.72,24.27,0.019438651997794876,0.8045109177632367
2023-07,3,26623,10.63,24.77,0.01795440033054126,0.8386733275739022
2023-07,4,17147,12.17,28.23,0.01802064501078906,0.8683151571703505
2023-07,5,17345,11.7,32.63,0.015797059671375038,0.8630729316805996
2023-07,6,39110,9.73,33.1,0.01710559959089747,0.9512656609562772
2023-07,7,70156,10.3,30.67,0.040595244882832546,0.8850989224015052
2023-07,8,104728,11.75,30.22,0.10104270109235353,0.7739668474524483
2023-07,9,120131,12.42,31.0,0.14939524352581765,0.7158685102096878
2023-07,10,132124,12.52,31.55,0.15937301322999606,0.765432472525809
2023-07,11,145561,12.88,32.98,0.18673957996990953,0.7316588921483089
2023-07,12,159380,13.08,33.78,0.20696448738863094,0.7089346216589284
2023-07,13,163941,13.12,34.95,0.19058075771161576,0.7153122159801392
2023-07,14,171734,13.52,37.53,0.18108819453340633,0.7073788533429606
2023-07,15,175056,13.55,39.56,0.18205031532766658,0.6928011607714103
2023-07,16,176395,13.78,39.83,0.18701777261260238,0.669094928994586
2023-07,17,188711,13.3,35.4,0.18091685169385993,0.6950946155761986
2023-07,18,198618,12.32,30.42,0.14899455235678538,0.7541763586381899
2023-07,19,177676,11.85,28.53,0.11349309979963529,0.8135032305995182
2023-07,20,153969,11.9,28.57,0.06722781858685839,0.6877163584877475
2023-07,21,158143,12.08,28.63,0.05821313621216241,0.7041917757978539
2023-07,22,148238,12.45,29.83,0.05557279509977199,0.7103306844398872
2023-07,23,121624,12.75,31.57,0.04827172268631191,0.7309330395316714
2023-08,0,77108,11.75,27.83,0.034108004357524514,0.7171499714685895
2023-08,1,51871,10.73,24.65,0.027626226600605347,0.7721077287887259
2023-08,2,34177,10.33,23.4,0.02372940866664716,0.7977587266290195
2023-08,3,21529,10.33,23.92,0.020158855497236287,0.8353383807887036
2023-08,4,14313,11.83,28.78,0.021449032348214908,0.8580311604834766
2023-08,5,17063,11.35,33.55,0.017816327726660024,0.848678427005802
2023-08,6,41277,9.93,34.96,0.018969401846064396,0.9426314896915958
2023-08,7,72329,10.28,30.97,0.03470253978348933,0.8921594381230212
2023-08,8,106684,11.72,29.97,0.08599227625510855,0.7899591316411083
2023-08,9,123225,12.43,30.32,0.14179752485291133,0.7168837492391966
2023-08,10,131313,12.93,31.68,0.15078476616938155,0.7630470707393784
2023-08,11,139524,13.27,32.75,0.1742567586938448,0.7297454201427711
2023-08,12,153540,13.37,34.13,0.18640745082714602,0.7155138726064869
2023-08,13,159611,13.33,35.55,0.16921139520459116,0.7276190237514958
2023-08,14,169182,13.57,38.57,0.15982787767020132,0.7164887517584613
2023-08,15,175284,13.57,40.68,0.1651890646037288,0.7018210447045937
2023-08,16,174655,13.67,40.75,0.16937390856259482,0.6785834931722539
2023-08,17,184252,13.25,36.65,0.16089377591559387,0.7031565464689664
2023-08,18,189772,12.08,29.92,0.12344813776531838,0.7827603650696625
2023-08,19,169369,11.67,28.38,0.08841641622729071,0.8424446032036559
2023-08,20,155213,11.97,29.28,0.05489230927821768,0.6945745523892973
2023-08,21,154328,12.15,28.1,0.05050930485718729,0.7208542843813177
2023-08,22,139359,12.37,29.1,0.049770736012744066,0.7278683113397771
2023-08,23,111483,12.7,30.45,0.0438721598808787,0.7510831247813567
2023-09,0,76047,12.25,28.75,0.04735229529107,0.6670874590713638
2023-09,1,49494,11.0,25.33,0.03212510607346345,0.7436254899583787
2023-09,2,32584,10.45,23.2,0.02464399705376872,0.7813037073410263
2023-09,3,21556,10.37,23.48,0.023520133605492672,0.8234830209686398
2023-09,4,14561,12.02,28.63,0.022182542407801664,0.8504910377034545
2023-09,5,16317,11.72,34.82,0.016056873199730343,0.8211681068823926
2023-09,6,41154,10.4,38.78,0.027943820770763475,0.8944452544102639
2023-09,7,83011,11.32,32.92,0.0847116647191336,0.7773668549951211
2023-09,8,110334,12.92,34.1,0.17489622419199885,0.6436365943408197
2023-09,9,122057,13.4,35.35,0.2335302358734034,0.6015222396093628
2023-09,10,132177,14.03,37.08,0.2615886273708739,0.6387192930691421
2023-09,11,141102,14.65,38.53,0.28631061218125897,0.6118906890051169
2023-09,12,150230,14.98,38.93,0.3071423816814218,0.5953071956333622
2023-09,13,149818,15.17,41.22,0.2937630992270622,0.5947883431897368
2023-09,14,159202,15.65,45.48,0.30035426690619466,0.5618145500684665
2023-09,15,164423,15.7,47.47,0.3036375689532486,0.5405934692834944
2023-09,16,166341,15.33,48.08,0.26639854275253844,0.5460650110315557
2023-09,17,186817,14.72,42.55,0.25943035162752853,0.5705315897375507
2023-09,18,193147,13.5,35.7,0.20968485143439972,0.6494690572465531
2023-09,19,174055,13.0,32.48,0.15897848381258797,0.7263910832782741
2023-09,20,159735,13.02,31.92,0.11207938147556891,0.5893511127805428
2023-09,21,153243,12.97,30.8,0.09357034252788056,0.6380128292972599
2023-09,22,139009,13.25,30.72,0.07672165111611479,0.6557345207864239
2023-09,23,111477,13.18,30.93,0.06626479004637728,0.6898014837141294
2023-10,0,94638,12.3,28.82,0.054069189965975616,0.6125446438005875
2023-10,1,64419,11.32,24.58,0.04029866964715379,0.6748009127741815
2023-10,2,44571,10.73,22.9,0.030109263871126966,0.7283211056516569
2023-10,3,30010,10.65,23.72,0.025358213928690438,0.7794401866044651
2023-10,4,19735,12.08,29.0,0.022599442614644034,0.816265518115024
2023-10,5,20098,12.3,36.95,0.017165887152950542,0.8012737585829436
2023-10,6,45526,10.6,39.15,0.02569960022844089,0.8992883187629047
2023-10,7,95175,11.17,32.95,0.06523771998949304,0.8026057262936696
2023-10,8,128391,12.48,32.23,0.14282932604310272,0.6778668286717916
2023-10,9,145014,13.12,33.63,0.19793950928875834,0.6403243824734164
2023-10,10,156843,13.6,34.08,0.2241222113833579,0.6818984589685226
2023-10,11,170437,14.4,35.6,0.26855084283342234,0.634985361159842
2023-10,12,183436,14.57,36.25,0.2819021348045095,0.6220807257026973
2023-10,13,187996,14.8,38.05,0.26977701653226666,0.6175716504606481
2023-10,14,203516,15.52,43.18,0.28526012696790426,0.5692820220523203
2023-10,15,208181,15.47,45.45,0.2909967768432278,0.5495602384463519
2023-10,16,208742,15.2,44.85,0.25175096530645485,0.5613005528355578
2023-10,17,229689,14.47,38.73,0.24703838668808695,0.5880168401621323
2023-10,18,241213,13.6,34.52,0.21126141625865935,0.6453466438376041
2023-10,19,221026,13.05,32.37,0.16869508564603258,0.7177345651642794
2023-10,20,197211,12.98,30.97,0.10987723808509667,0.5976035819502968
2023-10,21,193303,12.98,29.55,0.0960512770107034,0.6364153686181797
2023-10,22,175174,13.15,30.6,0.08216972838434927,0.6518775617386142
2023-10,23,135991,13.22,31.72,0.0674603466405865,0.6739931318984345
2023-11,0,81394,11.58,27.08,0.04699363589453768,0.655380003440057
2023-11,1,55222,10.55,23.12,0.040219477744377244,0.719930462496831
2023-11,2,34440,9.95,21.55,0.02976190476190476,0.7811556329849013
2023-11,3,23150,10.0,22.87,0.023844492440604752,0.8251835853131749
2023-11,4,16704,11.98,28.43,0.02376676245210728,0.8503951149425287
2023-11,5,18907,11.75,34.31,0.021103295075897817,0.8252499074416882
2023-11,6,43117,10.23,37.85,0.0261381821555303,0.9027065890484032
2023-11,7,88511,11.05,32.52,0.0770751657986013,0.7903424433121307
2023-11,8,121349,12.48,32.44,0.16075122168291456,0.6671171579493856
2023-11,9,137631,12.95,33.57,0.2034062093569036,0.6399067070645421
2023-11,10,149870,13.52,34.27,0.23567091479282046,0.6758457329685728
2023-11,11,162299,14.23,35.02,0.28735235583706614,0.6268985021472714
2023-11,12,175144,14.47,35.82,0.2936098296259078,0.6192333165852099
2023-11,13,182356,14.78,38.57,0.2889622496654895,0.604948562153151
2023-11,14,197152,15.28,42.75,0.2897814883947411,0.5715488557052426
2023-11,15,206138,15.17,44.6,0.2928281054439259,0.5574081440588343
2023-11,16,205263,14.95,44.87,0.2788276503802439,0.5413201599898667
2023-11,17,222672,14.5,39.1,0.27517604368757637,0.5582875260472803
2023-11,18,232628,13.58,33.48,0.24299310487129666,0.6244648107708445
2023-11,19,205928,13.02,31.57,0.19548580086243736,0.7062128510935861
2023-11,20,186754,12.78,29.22,0.11937629180633347,0.603215995373593
2023-11,21,189181,12.52,28.13,0.09537955714368779,0.6579413366035701
2023-11,22,172357,12.72,28.82,0.08319940588429829,0.6667846388600405
2023-11,23,128044,12.58,29.07,0.0658914123270126,0.696284089844116
2023-12,0,103425,12.03,28.02,0.05970510031423737,0.6219869470630892
2023-12,1,67903,10.8,23.57,0.036787770790686715,0.7064341781659131
2023-12,2,44040,10.1,21.9,0.02861035422343324,0.768346957311535
2023-12,3,28996,10.0,22.8,0.021140847013381155,0.8241481583666712
2023-12,4,20018,11.55,28.4,0.022279948046757918,0.8400439604356079
2023-12,5,17548,11.58,34.56,0.02119899703669934,0.8272737633918396
2023-12,6,39038,10.43,36.33,0.02653824478713049,0.9127772939187458
2023-12,7,80634,11.0,32.9,0.06664682392043059,0.8136270059776273
2023-12,8,112411,11.9,31.12,0.13181094376884825,0.722802928539022
2023-12,9,132907,12.42,32.17,0.17952402807978513,0.6844635722723408
2023-12,10,151297,13.02,33.37,0.21518602483856256,0.7051891313112619
2023-12,11,166277,13.68,34.18,0.2632294304082946,0.6549192010921534
2023-12,12,183186,13.96,34.8,0.2804417368139487,0.6361566931970783
2023-12,13,189982,14.47,37.38,0.28320051373287997,0.6163689191607626
2023-12,14,202387,15.18,42.15,0.2891243014620504,0.5782535439529218
2023-12,15,211377,15.08,43.82,0.29304039701575857,0.5631596625933758
2023-12,16,206571,15.08,44.95,0.2855337874144967,0.5452604673453679
2023-12,17,220403,14.67,40.58,0.2890750125905727,0.5553871771255382
2023-12,18,228275,13.8,35.15,0.266034388347388,0.6089103055525135
2023-12,19,206562,13.4,33.25,0.22872067466426546,0.6711786291767121
2023-12,20,186174,13.25,31.28,0.18343055421272572,0.5452265085350264
2023-12,21,186191,13.03,29.87,0.14716071131257688,0.594137203194569
2023-12,22,174707,13.07,30.42,0.12215881447223065,0.6174681037394036
2023-12,23,142704,12.9,30.35,0.09629723063123669,0.6577601188474044
