month,valid_trip_rate,invalid_trip_rate,raw_rows,valid_rows,quarantined_rows,duration_p50_min,duration_p90_min,slow_trip_share,trip_time_reliability
2023-01,0.984994,0.015006,3066726,3020708,46018,11.58,27.93,0.08774168175143046,0.8002114073919094
2023-02,0.985716,0.014284,2914003,2872379,41624,11.87,28.47,0.09776077599787493,0.7742669055859273
2023-03,0.985601,0.014399,3403660,3354652,49008,12.22,30.73,0.11940463571184134,0.7410774649650694
2023-04,0.98768,0.01232,3288248,3247736,40512,12.43,31.8,0.12127586725029374,0.7337221990950004
2023-05,0.986586,0.013414,3513664,3466532,47132,13.07,33.97,0.14777247116137973,0.6863784900874995
2023-06,0.985529,0.014471,3307259,3259399,47860,12.88,33.5,0.1400696876939583,0.6994083878653703
2023-07,0.982752,0.017248,2907093,2856951,50142,12.48,32.13,0.12740435520245186,0.7337570717873705
2023-08,0.979555,0.020445,2824201,2766461,57740,12.5,32.25,0.11471949179836621,0.7443394286057168
2023-09,0.965276,0.034724,2846741,2747891,98850,13.67,36.48,0.19548919516822175,0.6329181179311698
2023-10,0.965382,0.034618,3522269,3400335,121934,13.58,34.85,0.18479238075072016,0.6398293109355402
2023-11,0.969003,0.030997,3339731,3236211,103520,13.38,34.17,0.1995679515334445,0.6376385841343473
2023-12,0.978228,0.021772,3376527,3303013,73514,13.38,34.38,0.20760257377128094,0.6317489516390036
